sample_id,label,measure,thang,truong,agree
BDD17,traffic_light,count,2,2,1
BDD17,traffic_light,attr:relevance,relevant|unknown,not_relevant|relevant,0
BDD17,traffic_light,attr:state,green|green,green|green,1
BDD18,traffic_light,count,2,2,1
BDD18,traffic_light,attr:relevance,relevant|relevant,relevant|relevant,1
BDD18,traffic_light,attr:state,green|green,green|green,1
BDD22,traffic_light,count,2,2,1
BDD22,traffic_light,attr:relevance,relevant|relevant,relevant|relevant,1
BDD22,traffic_light,attr:state,green|green,green|green,1
BDD25,traffic_light,count,2,3,0
BDD25,traffic_light,attr:relevance,undefined|undefined,relevant|relevant|relevant,0
BDD25,traffic_light,attr:state,green|undefined,green|green|green,0
BDD26,traffic_light,count,1,1,1
BDD26,traffic_light,attr:relevance,undefined,relevant,0
BDD26,traffic_light,attr:state,undefined,green,0
