sample_id,decision_id,expected,severity,rationale
BDD01,d1,không vẽ traffic_light (hoặc dưới ngưỡng 20 px),minor,cao tốc không có giao lộ; đèn quá xa dưới 20 px
BDD01,d2,không có traffic_light nào relevance=relevant,major,không có đèn điều khiển làn xe mình trên cao tốc
BDD07,d1,label=traffic_light x2,major,hai đầu đèn nhìn thấy vỏ trên cùng cần treo
BDD07,d2,relevance=relevant (đèn phải),critical,đầu đèn quay thẳng về phía trước điều khiển hướng xe mình
BDD07,d3,relevance=not_relevant (đèn trái),critical,đầu đèn quay lệch góc sang nhánh rẽ trái
BDD07,d4,geometry: box ôm vỏ đèn nhìn thấy (lệch ≤ 3 px),minor,theo mục 3 geometry ban ngày
BDD10,d1,không vẽ box traffic_light cho cột cửa sổ,minor,tránh false positive trên kiến trúc nhà cửa
BDD10,d2,không có đèn relevant,major,tuyến phố không có đầu đèn xe nào đủ ngưỡng ở giao lộ gần nhất
BDD12,d1,không vẽ traffic_light cho hộp bàn tay đỏ,major,mục 5 đèn đi bộ không vẽ
BDD12,d2,relevance=unknown (hoặc ESCALATE đèn),major,không suy ra được làn nào đèn phía xa điều khiển
BDD12,d3,tag image_escalate=có,major,mục 7 thấy vạch qua đường nhưng không có đầu đèn xe rõ ràng điều khiển làn mình
BDD21,d1,label=traffic_light x1 (đầu đèn trên cần vươn),major,mục 5 ngưỡng 20 px và rule nhìn nghiêng
BDD21,d2,state=green,major,đèn sáng xanh rõ
BDD21,d3,relevance khác not_relevant (relevant hoặc unknown đều chấp nhận),major,đèn treo trên đường xe mình không có mũi tên rẽ
BDD21,d4,geometry: box ôm vỏ đèn không gồm cần treo (lệch ≤ 3 px),minor,mục 3 geometry ban ngày
